Workbook

Sheet 00_대시보드
A1: OMH Partner Risk Gate — MVP 대시보드
A2: 신규 B2B/TMC 파트너 리스크 표준 평가 · 대표이사 승인 보조 도구
A4: ■ 사용 순서
A5: 1) 01_업체정보 · 02_거래조건 입력 (노랑 셀=핵심 가정, 실제 값으로 갱신)
A6: 2) 03_제출서류 · 04_외부공개정보 체크
A7: 3) 05_리스크평가에서 13개 항목 1~5점 입력 → 가중점수·최종판정 자동
A8: 4) 06_승인요청서에서 업체ID 선택 → 대표이사 보고서 자동 생성
A9: 5) 07_승인이력에 단계별 결정 기록
A10: ※ 최종판정 = min(점수등급, 레드플래그 상한). 부정뉴스·사업자 확인불가 등은 자동 D-보류.
A12: 업체명 | B12: 국가 | C12: Deposit(USD) | D12: 커버율 | E12: 가중점수 | F12: 점수등급 | G12: 최종 판정 | H12: 레드플래그
A13: ='05_리스크평가'!B3 | B13: =VLOOKUP('05_리스크평가'!A3,'01_업체정보'!$A:$M,3,FALSE) | C13: ='05_리스크평가'!U3 | D13: ='05_리스크평가'!R3 | E13: ='05_리스크평가'!P3 | F13: ='05_리스크평가'!Q3 | G13: ='05_리스크평가'!AB3 | H13: ='05_리스크평가'!AC3
A14: ='05_리스크평가'!B4 | B14: =VLOOKUP('05_리스크평가'!A4,'01_업체정보'!$A:$M,3,FALSE) | C14: ='05_리스크평가'!U4 | D14: ='05_리스크평가'!R4 | E14: ='05_리스크평가'!P4 | F14: ='05_리스크평가'!Q4 | G14: ='05_리스크평가'!AB4 | H14: ='05_리스크평가'!AC4
A15: ='05_리스크평가'!B5 | B15: =VLOOKUP('05_리스크평가'!A5,'01_업체정보'!$A:$M,3,FALSE) | C15: ='05_리스크평가'!U5 | D15: ='05_리스크평가'!R5 | E15: ='05_리스크평가'!P5 | F15: ='05_리스크평가'!Q5 | G15: ='05_리스크평가'!AB5 | H15: ='05_리스크평가'!AC5
A16: ='05_리스크평가'!B6 | B16: =VLOOKUP('05_리스크평가'!A6,'01_업체정보'!$A:$M,3,FALSE) | C16: ='05_리스크평가'!U6 | D16: ='05_리스크평가'!R6 | E16: ='05_리스크평가'!P6 | F16: ='05_리스크평가'!Q6 | G16: ='05_리스크평가'!AB6 | H16: ='05_리스크평가'!AC6

Sheet 08_설정
A1: ■ 설정: 리스크 가중치 및 등급 임계값 (Admin 전용 · 파란색만 수정)
A3: 평가항목 | B3: 회사신뢰도 | C3: 사업모델명확성 | D3: 엔드유저보유 | E3: 판매채널차별성 | F3: 기존고객중복도(낮을수록↑) | G3: 유니크인벤토리 | H3: 예상매출기여도 | I3: 정산리스크 | J3: Deposit충분성 | K3: API/기술안정성 | L3: 운영커뮤니케이션 | M3: 국가별법무/정산 | N3: 장기성장가능성 | O3: 합계
A4: 가중치(합100) | B4: 12 | C4: 8 | D4: 8 | E4: 6 | F4: 6 | G4: 6 | H4: 8 | I4: 12 | J4: 12 | K4: 6 | L4: 5 | M4: 6 | N4: 5 | O4: =SUM(B4:N4)
A6: 등급 임계값(가중점수 ≥)
A7: A-승인추천 | B7: 85
A8: B-조건부승인 | B8: 70
A9: C-추가확인 | B9: 55
A10: D-보류 | B10: 40
A11: E-거절추천 | B11: 0

Sheet 01_업체정보
A1: ■ 01. 업체 기본정보 (영업 담당자 1차 입력 · 파란색 입력)
A2: 업체ID | B2: 업체명 | C2: 국가 | D2: 사업유형 | E2: 주요시장 | F2: 주요고객군(엔드유저) | G2: 웹사이트 | H2: 사업자등록번호 | I2: 설립연도 | J2: 대표자/주요임원 | K2: 담당자 | L2: 담당자 이메일 | M2: 상태
A3: C001 | B3: Huamao | C3: 중국 | D3: B2B | E3: 중국 아웃바운드 | F3: 라이브커머스(샤오홍슈·더우인) 엔드유저 | G3: https://(확인필요) | H3: 확인필요 | I3: 2021 | J3: 확인필요 | K3: (영업담당 입력) | L3: (입력) | M3: 검토중
A4: C002 | B4: Linkall Travel | C4: 중국 | D4: B2B | E4: 중국 아웃바운드 | F4: B2B 여행사(개발역량 강점) | G4: https://linkall.example | H4: CN-3100-xxxxx | I4: 2019 | J4: 확인 완료 | K4: (영업담당 입력) | L4: (입력) | M4: 검토중
A5: C003 | B5: Wingplus | C5: 중국 | D5: B2B/TMC | E5: 중국 아웃바운드 | F5: TMC 기업출장 엔드유저 | G5: https://wingplus.example | H5: CN-4400-xxxxx | I5: 2020 | J5: 확인 완료 | K5: (영업담당 입력) | L5: (입력) | M5: 검토중
A6: C004 | B6: Happy Travel | C6: 두바이(UAE) | D6: B2B/TMC | E6: 중동 | F6: 중동 기업/여행사(태국 호텔 수요) | G6: https://happytravel.example | H6: AE-DXB-xxxxx | I6: 2018 | J6: 확인 완료 | K6: (영업담당 입력) | L6: (입력) | M6: 검토중

Sheet 02_거래조건
A1: ■ 02. 거래조건 (노출액·커버율은 자동계산 · 노랑=핵심 가정, 실제 값으로 갱신)
A2: 업체ID | B2: 업체명 | C2: Deposit(USD) | D2: 정산주기(일) | E2: 정산통화 | F2: Credit요청(Y/N) | G2: 예상 월거래액(USD) | H2: 주요 판매지역 | I2: 주요상품 | J2: API연동 | K2: 수기예약 | L2: 취소/노쇼 리스크 | M2: Deposit 노출액(USD) | N2: Deposit 커버율
A3: C001 | B3: Huamao | C3: 10000 | D3: 14 | E3: USD | F3: N | G3: 50000 | H3: 태국·글로벌 | I3: 태국·글로벌 호텔 | J3: Y | K3: N | L3: 보통 | M3: =G3*D3/30 | N3: =IF(C3=0,0,C3/M3)
A4: C002 | B4: Linkall Travel | C4: 10000 | D4: 14 | E4: USD | F4: N | G4: 30000 | H4: 글로벌 | I4: 글로벌 호텔 | J4: Y | K4: N | L4: 보통 | M4: =G4*D4/30 | N4: =IF(C4=0,0,C4/M4)
A5: C003 | B5: Wingplus | C5: 10000 | D5: 14 | E5: USD | F5: N | G5: 40000 | H5: 글로벌·기업출장 | I5: 글로벌 호텔 | J5: Y | K5: N | L5: 보통 | M5: =G5*D5/30 | N5: =IF(C5=0,0,C5/M5)
A6: C004 | B6: Happy Travel | C6: 30000 | D6: 14 | E6: USD | F6: N | G6: 60000 | H6: 태국 | I6: 태국 호텔 | J6: 부분 | K6: Y | L6: 보통 | M6: =G6*D6/30 | N6: =IF(C6=0,0,C6/M6)

Sheet 03_제출서류
A1: ■ 03. 제출서류 관리 (제출/미제출/불가)
A2: 업체ID | B2: 업체명 | C2: 사업자등록증 | D2: 회사소개서 | E2: 은행정보 | F2: 계약서초안 | G2: 정산조건합의서 | H2: 파트너 레퍼런스 | I2: 재무제표/매출자료 | J2: 대표자 신분확인 | K2: 미제출 건수
A3: C001 | B3: Huamao | C3: 미제출 | D3: 제출 | E3: 제출 | F3: 제출 | G3: 미제출 | H3: 제출 | I3: 미제출 | J3: 미제출 | K3: =COUNTIF(C3:J3,"미제출")
A4: C002 | B4: Linkall Travel | C4: 제출 | D4: 제출 | E4: 제출 | F4: 제출 | G4: 미제출 | H4: 제출 | I4: 미제출 | J4: 제출 | K4: =COUNTIF(C4:J4,"미제출")
A5: C003 | B5: Wingplus | C5: 제출 | D5: 제출 | E5: 제출 | F5: 제출 | G5: 제출 | H5: 제출 | I5: 미제출 | J5: 제출 | K5: =COUNTIF(C5:J5,"미제출")
A6: C004 | B6: Happy Travel | C6: 제출 | D6: 제출 | E6: 제출 | F6: 제출 | G6: 제출 | H6: 제출 | I6: 제출 | J6: 제출 | K6: =COUNTIF(C6:J6,"미제출")

Sheet 04_외부공개정보
A1: ■ 04. 외부 공개정보 체크 (Y/N/불명) · '부정뉴스·소송=Y'와 '주소실존=N'은 자동 강등 유발
A2: 업체ID | B2: 업체명 | C2: 공식웹사이트 | D2: LinkedIn/기업프로필 | E2: Google 검색결과 | F2: 부정 뉴스 | G2: 소송/사기/미정산 | H2: 거래처/업계 레퍼런스 | I2: 도메인 생성시점 확인 | J2: 회사주소 실존 | K2: 대표자 업계이력
A3: C001 | B3: Huamao | C3: Y | D3: 불명 | E3: Y | F3: N | G3: N | H3: Y | I3: 불명 | J3: Y | K3: 불명
A4: C002 | B4: Linkall Travel | C4: Y | D4: Y | E4: Y | F4: N | G4: N | H4: Y | I4: Y | J4: Y | K4: Y
A5: C003 | B5: Wingplus | C5: Y | D5: Y | E5: Y | F5: N | G5: N | H5: Y | I5: Y | J5: Y | K5: Y
A6: C004 | B6: Happy Travel | C6: Y | D6: Y | E6: Y | F6: N | G6: N | H6: Y | I6: Y | J6: Y | K6: Y

Sheet 05_리스크평가
A1: ■ 05. 내부 리스크 평가 (각 1~5점, 5=저위험/양호) · 가중점수·최종판정 자동
A2: 업체ID | B2: 업체명 | C2: 회사신뢰도 | D2: 사업모델명확성 | E2: 엔드유저보유 | F2: 판매채널차별성 | G2: 기존고객중복도(낮을수록↑) | H2: 유니크인벤토리 | I2: 예상매출기여도 | J2: 정산리스크 | K2: Deposit충분성 | L2: API/기술안정성 | M2: 운영커뮤니케이션 | N2: 국가별법무/정산 | O2: 장기성장가능성 | P2: 가중점수(100) | Q2: 점수등급 | R2: _커버율 | S2: _정산주기 | T2: _Credit | U2: _Deposit | V2: _부정뉴스 | W2: _소송 | X2: _웹사이트 | Y2: _사업자 | Z2: _대표자 | AA2: _주소실존 | AB2: 최종 판정 | AC2: 레드플래그 요약 | AD2: 기대효과 | AE2: 확인 필요사항 | AF2: 종합 의견
A3: C001 | B3: =VLOOKUP(A3,'01_업체정보'!$A:$M,2,FALSE) | C3: 3 | D3: 4 | E3: 5 | F3: 5 | G3: 4 | H3: 4 | I3: 4 | J3: 3 | K3: 2 | L3: 3 | M3: 3 | N3: 2 | O3: 4 | P3: =SUMPRODUCT(C3:O3,'08_설정'!$B$4:$N$4)/5 | Q3: =IF(P3>='08_설정'!$B$7,"A-승인추천",IF(P3>='08_설정'!$B$8,"B-조건부승인",IF(P3>='08_설정'!$B$9,"C-추가확인",IF(P3>='08_설정'!$B$10,"D-보류","E-거절추천")))) | R3: =VLOOKUP(A3,'02_거래조건'!$A:$N,14,FALSE) | S3: =VLOOKUP(A3,'02_거래조건'!$A:$N,4,FALSE) | T3: =VLOOKUP(A3,'02_거래조건'!$A:$N,6,FALSE) | U3: =VLOOKUP(A3,'02_거래조건'!$A:$N,3,FALSE) | V3: =VLOOKUP(A3,'04_외부공개정보'!$A:$K,6,FALSE) | W3: =VLOOKUP(A3,'04_외부공개정보'!$A:$K,7,FALSE) | X3: =VLOOKUP(A3,'04_외부공개정보'!$A:$K,3,FALSE) | Y3: =VLOOKUP(A3,'01_업체정보'!$A:$M,8,FALSE) | Z3: =VLOOKUP(A3,'01_업체정보'!$A:$M,10,FALSE) | AA3: =VLOOKUP(A3,'04_외부공개정보'!$A:$K,10,FALSE) | AB3: =IF(OR(AA3="N",TRIM(Y3)="",Y3="확인필요",V3="Y",W3="Y",AND(T3="Y",U3=0)),"D-보류",IF(OR(X3="N",TRIM(Z3)="",Z3="확인필요",R3<1,S3>=30),"C-추가확인",Q3)) | AC3: =IF(TRIM(IF(OR(AA3="N",TRIM(Y3)="",Y3="확인필요"),"[사업자/실체 확인불가] ","")&IF(V3="Y","[부정뉴스] ","")&IF(W3="Y","[소송/미정산] ","")&IF(AND(T3="Y",U3=0),"[무담보 Credit] ","")&IF(X3="N","[웹사이트없음] ","")&IF(TRIM(Z3)="","[대표자 확인불가] ","")&IF(R3<1,"[Deposit 부족] ","")&IF(S3>=30,"[정산 30일+] ",""))="","없음",IF(OR(AA3="N",TRIM(Y3)="",Y3="확인필요"),"[사업자/실체 확인불가] ","")&IF(V3="Y","[부정뉴스] ","")&IF(W3="Y","[소송/미정산] ","")&IF(AND(T3="Y",U3=0),"[무담보 Credit] ","")&IF(X3="N","[웹사이트없음] ","")&IF(TRIM(Z3)="","[대표자 확인불가] ","")&IF(R3<1,"[Deposit 부족] ","")&IF(S3>=30,"[정산 30일+] ","")) | AD3: 샤오홍슈·더우인 라이브커머스 기반 4세대 구조 엔드유저 확보, 신규 채널 볼륨 기대 | AE3: 사업자등록증·재무제표 미제출, 사업자번호·대표자 확인 필요, Deposit 커버율 부족 | AF3: 엔드유저 매력도 높으나 실체·서류 미비로 현 상태 보류. 서류 보완 후 재평가 권고
A4: C002 | B4: =VLOOKUP(A4,'01_업체정보'!$A:$M,2,FALSE) | C4: 3 | D4: 4 | E4: 3 | F4: 3 | G4: 2 | H4: 3 | I4: 3 | J4: 3 | K4: 2 | L4: 4 | M4: 3 | N4: 2 | O4: 3 | P4: =SUMPRODUCT(C4:O4,'08_설정'!$B$4:$N$4)/5 | Q4: =IF(P4>='08_설정'!$B$7,"A-승인추천",IF(P4>='08_설정'!$B$8,"B-조건부승인",IF(P4>='08_설정'!$B$9,"C-추가확인",IF(P4>='08_설정'!$B$10,"D-보류","E-거절추천")))) | R4: =VLOOKUP(A4,'02_거래조건'!$A:$N,14,FALSE) | S4: =VLOOKUP(A4,'02_거래조건'!$A:$N,4,FALSE) | T4: =VLOOKUP(A4,'02_거래조건'!$A:$N,6,FALSE) | U4: =VLOOKUP(A4,'02_거래조건'!$A:$N,3,FALSE) | V4: =VLOOKUP(A4,'04_외부공개정보'!$A:$K,6,FALSE) | W4: =VLOOKUP(A4,'04_외부공개정보'!$A:$K,7,FALSE) | X4: =VLOOKUP(A4,'04_외부공개정보'!$A:$K,3,FALSE) | Y4: =VLOOKUP(A4,'01_업체정보'!$A:$M,8,FALSE) | Z4: =VLOOKUP(A4,'01_업체정보'!$A:$M,10,FALSE) | AA4: =VLOOKUP(A4,'04_외부공개정보'!$A:$K,10,FALSE) | AB4: =IF(OR(AA4="N",TRIM(Y4)="",Y4="확인필요",V4="Y",W4="Y",AND(T4="Y",U4=0)),"D-보류",IF(OR(X4="N",TRIM(Z4)="",Z4="확인필요",R4<1,S4>=30),"C-추가확인",Q4)) | AC4: =IF(TRIM(IF(OR(AA4="N",TRIM(Y4)="",Y4="확인필요"),"[사업자/실체 확인불가] ","")&IF(V4="Y","[부정뉴스] ","")&IF(W4="Y","[소송/미정산] ","")&IF(AND(T4="Y",U4=0),"[무담보 Credit] ","")&IF(X4="N","[웹사이트없음] ","")&IF(TRIM(Z4)="","[대표자 확인불가] ","")&IF(R4<1,"[Deposit 부족] ","")&IF(S4>=30,"[정산 30일+] ",""))="","없음",IF(OR(AA4="N",TRIM(Y4)="",Y4="확인필요"),"[사업자/실체 확인불가] ","")&IF(V4="Y","[부정뉴스] ","")&IF(W4="Y","[소송/미정산] ","")&IF(AND(T4="Y",U4=0),"[무담보 Credit] ","")&IF(X4="N","[웹사이트없음] ","")&IF(TRIM(Z4)="","[대표자 확인불가] ","")&IF(R4<1,"[Deposit 부족] ","")&IF(S4>=30,"[정산 30일+] ","")) | AD4: 개발역량 강점으로 API 안정 연동 기대 | AE4: 기존 고객사와 채널 중복 가능성, Deposit 커버율 부족, 재무제표 미제출 | AF4: 기술력은 양호하나 차별성·Deposit 보완 시 조건부 승인 검토 가능
A5: C003 | B5: =VLOOKUP(A5,'01_업체정보'!$A:$M,2,FALSE) | C5: 3 | D5: 4 | E5: 4 | F5: 4 | G5: 3 | H5: 4 | I5: 4 | J5: 3 | K5: 2 | L5: 3 | M5: 3 | N5: 2 | O5: 4 | P5: =SUMPRODUCT(C5:O5,'08_설정'!$B$4:$N$4)/5 | Q5: =IF(P5>='08_설정'!$B$7,"A-승인추천",IF(P5>='08_설정'!$B$8,"B-조건부승인",IF(P5>='08_설정'!$B$9,"C-추가확인",IF(P5>='08_설정'!$B$10,"D-보류","E-거절추천")))) | R5: =VLOOKUP(A5,'02_거래조건'!$A:$N,14,FALSE) | S5: =VLOOKUP(A5,'02_거래조건'!$A:$N,4,FALSE) | T5: =VLOOKUP(A5,'02_거래조건'!$A:$N,6,FALSE) | U5: =VLOOKUP(A5,'02_거래조건'!$A:$N,3,FALSE) | V5: =VLOOKUP(A5,'04_외부공개정보'!$A:$K,6,FALSE) | W5: =VLOOKUP(A5,'04_외부공개정보'!$A:$K,7,FALSE) | X5: =VLOOKUP(A5,'04_외부공개정보'!$A:$K,3,FALSE) | Y5: =VLOOKUP(A5,'01_업체정보'!$A:$M,8,FALSE) | Z5: =VLOOKUP(A5,'01_업체정보'!$A:$M,10,FALSE) | AA5: =VLOOKUP(A5,'04_외부공개정보'!$A:$K,10,FALSE) | AB5: =IF(OR(AA5="N",TRIM(Y5)="",Y5="확인필요",V5="Y",W5="Y",AND(T5="Y",U5=0)),"D-보류",IF(OR(X5="N",TRIM(Z5)="",Z5="확인필요",R5<1,S5>=30),"C-추가확인",Q5)) | AC5: =IF(TRIM(IF(OR(AA5="N",TRIM(Y5)="",Y5="확인필요"),"[사업자/실체 확인불가] ","")&IF(V5="Y","[부정뉴스] ","")&IF(W5="Y","[소송/미정산] ","")&IF(AND(T5="Y",U5=0),"[무담보 Credit] ","")&IF(X5="N","[웹사이트없음] ","")&IF(TRIM(Z5)="","[대표자 확인불가] ","")&IF(R5<1,"[Deposit 부족] ","")&IF(S5>=30,"[정산 30일+] ",""))="","없음",IF(OR(AA5="N",TRIM(Y5)="",Y5="확인필요"),"[사업자/실체 확인불가] ","")&IF(V5="Y","[부정뉴스] ","")&IF(W5="Y","[소송/미정산] ","")&IF(AND(T5="Y",U5=0),"[무담보 Credit] ","")&IF(X5="N","[웹사이트없음] ","")&IF(TRIM(Z5)="","[대표자 확인불가] ","")&IF(R5<1,"[Deposit 부족] ","")&IF(S5>=30,"[정산 30일+] ","")) | AD5: TMC 기업출장 엔드유저 보유, 4세대 구조 | AE5: Deposit 커버율 부족, 재무제표 미제출 | AF5: 엔드유저 보유 긍정적. Deposit 상향 또는 GMV 한도 설정 조건부 승인 검토
A6: C004 | B6: =VLOOKUP(A6,'01_업체정보'!$A:$M,2,FALSE) | C6: 4 | D6: 4 | E6: 4 | F6: 4 | G6: 4 | H6: 3 | I6: 5 | J6: 4 | K6: 3 | L6: 3 | M6: 3 | N6: 3 | O6: 4 | P6: =SUMPRODUCT(C6:O6,'08_설정'!$B$4:$N$4)/5 | Q6: =IF(P6>='08_설정'!$B$7,"A-승인추천",IF(P6>='08_설정'!$B$8,"B-조건부승인",IF(P6>='08_설정'!$B$9,"C-추가확인",IF(P6>='08_설정'!$B$10,"D-보류","E-거절추천")))) | R6: =VLOOKUP(A6,'02_거래조건'!$A:$N,14,FALSE) | S6: =VLOOKUP(A6,'02_거래조건'!$A:$N,4,FALSE) | T6: =VLOOKUP(A6,'02_거래조건'!$A:$N,6,FALSE) | U6: =VLOOKUP(A6,'02_거래조건'!$A:$N,3,FALSE) | V6: =VLOOKUP(A6,'04_외부공개정보'!$A:$K,6,FALSE) | W6: =VLOOKUP(A6,'04_외부공개정보'!$A:$K,7,FALSE) | X6: =VLOOKUP(A6,'04_외부공개정보'!$A:$K,3,FALSE) | Y6: =VLOOKUP(A6,'01_업체정보'!$A:$M,8,FALSE) | Z6: =VLOOKUP(A6,'01_업체정보'!$A:$M,10,FALSE) | AA6: =VLOOKUP(A6,'04_외부공개정보'!$A:$K,10,FALSE) | AB6: =IF(OR(AA6="N",TRIM(Y6)="",Y6="확인필요",V6="Y",W6="Y",AND(T6="Y",U6=0)),"D-보류",IF(OR(X6="N",TRIM(Z6)="",Z6="확인필요",R6<1,S6>=30),"C-추가확인",Q6)) | AC6: =IF(TRIM(IF(OR(AA6="N",TRIM(Y6)="",Y6="확인필요"),"[사업자/실체 확인불가] ","")&IF(V6="Y","[부정뉴스] ","")&IF(W6="Y","[소송/미정산] ","")&IF(AND(T6="Y",U6=0),"[무담보 Credit] ","")&IF(X6="N","[웹사이트없음] ","")&IF(TRIM(Z6)="","[대표자 확인불가] ","")&IF(R6<1,"[Deposit 부족] ","")&IF(S6>=30,"[정산 30일+] ",""))="","없음",IF(OR(AA6="N",TRIM(Y6)="",Y6="확인필요"),"[사업자/실체 확인불가] ","")&IF(V6="Y","[부정뉴스] ","")&IF(W6="Y","[소송/미정산] ","")&IF(AND(T6="Y",U6=0),"[무담보 Credit] ","")&IF(X6="N","[웹사이트없음] ","")&IF(TRIM(Z6)="","[대표자 확인불가] ","")&IF(R6<1,"[Deposit 부족] ","")&IF(S6>=30,"[정산 30일+] ","")) | AD6: 중동 고객사 통한 태국 호텔 볼륨 증가 기대, Deposit USD 30,000로 상대적 견고 | AE6: 수기예약 비중·중동 정산/법무 리스크 확인 필요 | AF6: 종합 리스크 낮음. 초기 3개월 GMV 한도·모니터링 조건부 승인 추천

Sheet 06_승인요청서
B1: ■ 신규 파트너 승인 요청서 (대표이사 보고용 · 자동 생성)
B2: 업체ID 선택 ▶ | C2: C004
B4: 업체명 | C4: =VLOOKUP($C$2,'01_업체정보'!$A:$M,2,FALSE)
B5: 국가 | C5: =VLOOKUP($C$2,'01_업체정보'!$A:$M,3,FALSE)
B6: 사업유형 | C6: =VLOOKUP($C$2,'01_업체정보'!$A:$M,4,FALSE)
B7: 설립/대표 | C7: =VLOOKUP($C$2,'01_업체정보'!$A:$M,9,FALSE)&" / "&VLOOKUP($C$2,'01_업체정보'!$A:$M,10,FALSE)
B8: Deposit | C8: ="USD "&TEXT(VLOOKUP($C$2,'02_거래조건'!$A:$N,3,FALSE),"#,##0")
B9: 정산주기 | C9: =VLOOKUP($C$2,'02_거래조건'!$A:$N,4,FALSE)&"일 / "&VLOOKUP($C$2,'02_거래조건'!$A:$N,5,FALSE)
B10: 예상 월거래액 | C10: ="USD "&TEXT(VLOOKUP($C$2,'02_거래조건'!$A:$N,7,FALSE),"#,##0")&" (Deposit 커버율 "&TEXT(VLOOKUP($C$2,'02_거래조건'!$A:$N,14,FALSE),"0.00")&"x)"
B11: 주요상품 | C11: =VLOOKUP($C$2,'02_거래조건'!$A:$N,9,FALSE)
B12: API/수기 | C12: =VLOOKUP($C$2,'02_거래조건'!$A:$N,10,FALSE)&" / "&VLOOKUP($C$2,'02_거래조건'!$A:$N,11,FALSE)
B13: 주요 엔드유저 | C13: =VLOOKUP($C$2,'01_업체정보'!$A:$M,6,FALSE)
B14: 리스크 점수 | C14: =TEXT(VLOOKUP($C$2,'05_리스크평가'!$A:$AF,16,FALSE),"0.0")&" / 100"
B15: 자동 등급(점수) | C15: =VLOOKUP($C$2,'05_리스크평가'!$A:$AF,17,FALSE)
B16: ★ 최종 판정 | C16: =VLOOKUP($C$2,'05_리스크평가'!$A:$AF,28,FALSE)
B17: 레드플래그 | C17: =VLOOKUP($C$2,'05_리스크평가'!$A:$AF,29,FALSE)
B18: 기대효과 | C18: =VLOOKUP($C$2,'05_리스크평가'!$A:$AF,30,FALSE)
B19: 주요 리스크/확인 필요 | C19: =VLOOKUP($C$2,'05_리스크평가'!$A:$AF,31,FALSE)
B20: 종합 의견 | C20: =VLOOKUP($C$2,'05_리스크평가'!$A:$AF,32,FALSE)
B22: 승인 요청 조건
C23: □ Deposit 상향 (USD ___ → ___)
C24: □ 정산주기 단축 (___일)
C25: □ 초기 3개월 Credit 미부여
C26: □ 월 GMV 한도 설정 (USD ___)
B28: 결재 | C28: 영업 □ SCM □ 재무 □ 개발 □ 대표이사 □ (승인 / 보류 / 반려)

Sheet 07_승인이력
A1: ■ 07. 승인 워크플로우 이력 (단계별 기록)
A2: 업체ID | B2: 업체명 | C2: 단계 | D2: 검토자 | E2: 결정 | F2: 코멘트 | G2: 일시(YYYY-MM-DD)
A3: C004 | B3: Happy Travel | C3: 영업 1차입력 | D3: Global OPs | E3: 진행 | F3: 중동 태국호텔 볼륨 목적, Deposit 30k | G3: 2026-06-25
A4: C004 | B4: Happy Travel | C4: SCM/운영 검토 | D4: SCM팀 | E4: 진행 | F4: 엔드유저·인벤토리 적정 | G4: 2026-06-27
A5: C004 | B5: Happy Travel | C5: 재무 정산검토 | D5: 재무팀 | E5: 진행 | F5: 커버율 1.07x, GMV 한도 조건 | G5: 2026-06-29
A6: C001 | B6: Huamao | C6: 영업 1차입력 | D6: Global OPs | E6: 보류 | F6: 서류 미비·사업자 확인 필요 | G6: 2026-06-28
